Name,Category,Description,Status,Launch Date,Revenue Type,Revenue Potential,Automation Level,Startup Cost,Time to Profit,Key Features,Requirements,Integrations
"Credit Repair Services",FOUNDATION,"Professional credit repair and optimization services for individuals and businesses",active,,,,high,low,3-6 months,"Automated dispute letters; Credit monitoring; Score improvement tracking","",""
"Business Credit Building",FOUNDATION,"Help businesses establish and build their credit profiles",active,,,,medium,low,6-12 months,"Credit line setup; Vendor programs; Credit monitoring","",""
"Personal Branding Agency",FOUNDATION,"Comprehensive personal brand development and management",active,,,,medium,low,immediate,"Brand strategy; Social media management; Content creation","",""
"Photography Studio",FOUNDATION,"Professional photography services for businesses and individuals",active,,,,medium,medium,3-6 months,"Commercial photography; Event coverage; Product shoots","",""
"Website Design Agency",FOUNDATION,"Custom website design and development services",active,,,,high,low,immediate,"Custom design; E-commerce solutions; SEO optimization","",""
"AI Automation Agency",INNOVATION,"End-to-end automation solutions using Make, Sintra, and Zapier",active,,,,high,low,3-6 months,"Process automation; Integration development; Workflow optimization","",""
"Slack Bot Integration Service",INNOVATION,"Custom Slack bot development and integration",development,,,,high,low,3-6 months,"Custom bot development; Workflow automation; Integration services","",""
"Real Estate Investing Firm",RELATIONSHIP,"Property investment and portfolio management",active,,,,medium,high,12+ months,"Property acquisition; Portfolio management; Investment strategy","",""
"Property Management Company",RELATIONSHIP,"Full-service property management solutions",active,,,,medium,medium,6-12 months,"Tenant management; Maintenance coordination; Financial reporting","",""
"Angels in Daylight Fashion Brand",KNOWLEDGE,"Premium fashion brand with cultural significance",active,,,,medium,high,12+ months,"Fashion design; E-commerce; Brand storytelling","",""
"Merch Brand for Ai Boss Holdings",KNOWLEDGE,"Official merchandise for the AI Boss Holdings ecosystem",development,,,,high,medium,3-6 months,"Branded apparel; Accessories; Print on demand","",""
"Virtual Mailbox Services",FOUNDATION,"Digital mail management and forwarding services",planned,,,,high,medium,6-12 months,"Mail scanning; Package forwarding; Digital archiving","",""
"Notary & Loan Signing Services",FOUNDATION,"Mobile notary and loan document signing services",active,,,,low,low,immediate,"Mobile notary; Loan signing; Document certification","",""
"Digital Business Card Platform",FOUNDATION,"Modern digital business card solution",development,,,,high,low,3-6 months,"NFC cards; Digital profiles; Analytics","",""
"SaaS: Lead Gen CRM",INNOVATION,"Automated lead generation and CRM platform",development,,,,high,medium,6-12 months,"Lead scoring; Email automation; Pipeline management","",""
"SaaS: Workflow Tracker",INNOVATION,"Visual workflow and process management tool",planned,,,,high,medium,6-12 months,"Process mapping; Team collaboration; Analytics","",""
"General Contracting Firm",RELATIONSHIP,"Full-service construction and renovation",planned,,,,low,high,6-12 months,"Construction; Renovation; Project management","",""
"HVAC & Electrical Company",RELATIONSHIP,"Professional HVAC and electrical services",planned,,,,medium,high,3-6 months,"HVAC service; Electrical work; 24/7 support","",""
"Children's Clothing Line",KNOWLEDGE,"Angels in Daylight sub-brand for children",planned,,,,medium,high,12+ months,"Kids fashion; Sustainable materials; Educational elements","",""
"Digital Academy",KNOWLEDGE,"Business automation education platform",active,,,,high,medium,3-6 months,"Online courses; Live workshops; Community support","",""
"Local SEO & Google My Business Optimization",FOUNDATION,"Local business visibility optimization",active,,,,high,low,3-6 months,"GMB optimization; Local citations; Review management","",""
"Business Formation Services",FOUNDATION,"Complete business setup and registration services",active,,,,high,low,immediate,"LLC formation; Document filing; Compliance support","",""
"AI-Powered Resume & LinkedIn Optimization",FOUNDATION,"Career document optimization using AI",development,,,,high,low,immediate,"Resume writing; LinkedIn optimization; Career coaching","",""
"AI Virtual Assistant Marketplace",INNOVATION,"Platform connecting businesses with AI assistants",development,,,,high,medium,6-12 months,"AI matching; Task management; Performance tracking","",""
"White-label Chatbot Builder",INNOVATION,"Custom chatbot development platform",development,,,,high,medium,6-12 months,"Visual builder; AI integration; Analytics dashboard","",""
"Inklyfe Tattoo Shop",RELATIONSHIP,"Premium tattoo and body art studio",planned,,,,low,medium,3-6 months,"Custom designs; Professional artists; Sterile environment","",""
"Men's Grooming Lounge",RELATIONSHIP,"Upscale barbershop and grooming services",planned,,,,low,medium,immediate,"Premium cuts; Grooming services; VIP experience","",""
"Make.com & Sintra AI Certification Course",KNOWLEDGE,"Professional automation tool certification",development,,,,high,low,immediate,"Video courses; Hands-on projects; Certification exam","",""
"E-learning Platform for Credit & Financial Literacy",KNOWLEDGE,"Comprehensive financial education platform",development,,,,high,medium,3-6 months,"Interactive courses; Financial tools; Community support","",""
"Automated Bookkeeping & Accounting",FOUNDATION,"AI-powered bookkeeping and accounting services",development,,,,high,medium,3-6 months,"Automated reconciliation; Financial reporting; Tax prep","",""
"U-Haul Rental Affiliate",FOUNDATION,"U-Haul truck and equipment rental franchise",planned,,,,medium,high,6-12 months,"Truck rental; Moving supplies; Storage solutions","",""
"Vending Machine Business",FOUNDATION,"Smart vending machine network",planned,,,,high,medium,6-12 months,"Smart machines; Inventory tracking; Mobile payments","",""
"AI Sales Copywriter Tool",INNOVATION,"AI-powered sales copy generation platform",development,,,,high,medium,3-6 months,"Copy generation; A/B testing; Performance analytics","",""
"AI-Powered Funnel Builder",INNOVATION,"Intelligent sales funnel creation platform",development,,,,high,medium,6-12 months,"Visual builder; AI optimization; Conversion tracking","",""
"Mobile Food Truck Fleet",RELATIONSHIP,"Fleet of gourmet food trucks",planned,,,,medium,high,6-12 months,"Gourmet menu; Event catering; Location tracking","",""
"Community Outreach Nonprofit",RELATIONSHIP,"Worldwide Giving Network for community support",planned,,,,medium,low,12+ months,"Community programs; Donation management; Impact tracking","",""
"Youth Entrepreneurship Curriculum",KNOWLEDGE,"Entrepreneurship education for young people",development,,,,medium,low,6-12 months,"Interactive lessons; Mentorship; Project-based learning","",""
"Home-schooling Content for Fathers & Sons",KNOWLEDGE,"Specialized homeschooling curriculum",planned,,,,medium,low,6-12 months,"Custom curriculum; Activity guides; Progress tracking","",""
"Storage Units",FOUNDATION,"Smart self-storage facility network",planned,,,,high,high,12+ months,"24/7 access; Climate control; Security monitoring","",""
"Tax Prep & Filing Services",FOUNDATION,"Professional tax preparation services",planned,,,,high,low,immediate,"Tax preparation; Electronic filing; Tax planning","",""
"Car Rental Fleet",FOUNDATION,"Premium car rental service",planned,,,,high,high,12+ months,"Luxury vehicles; Mobile app; Contactless rental","",""
"Smart Form Builder with Logic",INNOVATION,"Intelligent form creation platform",development,,,,high,medium,6-12 months,"Conditional logic; Integration options; Analytics","",""
"Custom Data Dashboards",INNOVATION,"Business intelligence dashboard platform",development,,,,high,medium,6-12 months,"Custom widgets; Data integration; Real-time updates","",""
"Private Membership Club",RELATIONSHIP,"Exclusive networking and lifestyle club",planned,,,,medium,high,12+ months,"Exclusive events; Networking; Concierge service","",""
"Podcast Network",RELATIONSHIP,"Network of business and lifestyle podcasts",development,,,,medium,medium,6-12 months,"Original content; Advertising; Distribution","",""
"AI-Powered Tutoring Platform",KNOWLEDGE,"Personalized AI tutoring service",development,,,,high,medium,6-12 months,"AI tutors; Adaptive learning; Progress tracking","",""
"Branding & Design Templates Marketplace",KNOWLEDGE,"Premium design template platform",development,,,,high,low,3-6 months,"Premium templates; Custom branding; Design tools","",""
"Affiliate Marketing Hubs",FOUNDATION,"Network of affiliate marketing websites",planned,,,,high,low,6-12 months,"Niche websites; Content automation; Affiliate tracking","",""
"Monthly Subscription Boxes",FOUNDATION,"Curated subscription box service",planned,,,,medium,medium,6-12 months,"Curated products; Automated shipping; Member portal","",""
"Digital Courses for Small Business Owners",FOUNDATION,"Online business education platform",development,,,,high,low,immediate,"Video courses; Resource library; Community access","",""
"Voice-to-CRM Transcription Tool",INNOVATION,"Voice notes to CRM integration platform",development,,,,high,medium,6-12 months,"Voice recognition; CRM integration; Mobile app","",""
"Event Ticketing Platform",INNOVATION,"Digital event ticketing solution",development,,,,high,medium,6-12 months,"Digital tickets; Event management; Analytics","",""
"Personal Coaching Services",RELATIONSHIP,"Professional life and business coaching",active,,,,medium,low,immediate,"1-on-1 coaching; Group programs; Online courses","",""
"Networking Event Brand",RELATIONSHIP,"High-end business networking events",planned,,,,medium,medium,3-6 months,"Exclusive venues; Speaker series; Member networking","",""
"Voiceover + AI Script Library",KNOWLEDGE,"AI-powered voiceover and script platform",development,,,,high,medium,6-12 months,"AI voices; Script templates; Custom voices","",""
"Real Estate Licensing Prep Course",KNOWLEDGE,"Real estate exam preparation platform",planned,,,,high,low,3-6 months,"Study materials; Practice exams; Coaching","",""
"Trade Skills Bootcamp",KNOWLEDGE,"Hands-on trade skills training program",planned,,,,low,high,6-12 months,"Practical training; Certification prep; Job placement","",""